{
	"version": "0.2.0",
	"configurations": [
		{
			"type": "mrs-debugger",
			"request": "launch",
			"name": "tcd1234",
			"cwd": "c:\\Users\\17963\\Desktop\\mrs project\\tcd1234",
			"openOCDCfg": {
				"useLocalOpenOCD": true,
				"executable": "f:/mrs/MounRiver_Studio2/resources/app/resources/win32/components/WCH/OpenOCD/OpenOCD/bin/openocd.exe",
				"configOptions": [
					"-f \"f:/mrs/MounRiver_Studio2/resources/app/resources/win32/components/WCH/OpenOCD/OpenOCD/bin/wch-riscv.cfg\" -c \"chip_id CH32V30x\""
				],
				"gdbport": 3333,
				"telnetport": 4444,
				"tclport": 6666,
				"host": "localhost",
				"port": 3333,
				"skipDownloadBeforeDebug": false,
				"enablePageEraser": false,
				"enableNoZeroWaitingAreaFlash": false
			},
			"gdbCfg": {
				"executable": "f:/mrs/MounRiver_Studio2/resources/app/resources/win32/components/WCH/Toolchain/RISC-V Embedded GCC/bin/riscv-none-embed-gdb.exe",
				"commands": [
					"set mem inaccessible-by-default off",
					"set architecture riscv:rv32",
					"set remotetimeout unlimited",
					"set disassembler-options xw"
				],
				"options": []
			},
			"startup": {
				"initCommands": {
					"initReset": true,
					"initResetType": "init",
					"armSemihosting": false,
					"additionalCommands": []
				},
				"loadedFiles": {
					"executableFile": "c:\\Users\\17963\\Desktop\\mrs project\\tcd1234\\obj\\tcd1234.elf",
					"symbolFile": "c:\\Users\\17963\\Desktop\\mrs project\\tcd1234\\obj\\tcd1234.elf",
					"executableFileOffset": 0,
					"symbolFileOffset": 0
				},
				"runCommands": {
					"runReset": true,
					"runResetType": "halt",
					"additionalCommands": [],
					"setBreakAt": "handle_reset",
					"continue": true,
					"setProgramCounterAt": 0
				},
				"debugInRAM": false
			},
			"svdpath": "f:\\mrs\\MounRiver_Studio2\\resources\\app\\resources\\win32\\components\\WCH\\SDK\\default/RISC-V/CH32V307/NoneOS/CH32V307xx.svd",
			"output": {
				"showDebugGDBTrace": true,
				"saveDebugOutputToFile": false,
				"showDebugOutputTimestamps": true
			}
		}
	]
}